iter	Logloss
0	0.3726452761
50	0.001864233712
100	0.001397518234
150	0.001092961957
200	0.0009746433114
250	0.0008475529007
300	0.0007251738495
350	0.0006309110835
400	0.0005330882781
450	0.0004424391411
500	0.0003645066105
550	0.0003013515129
600	0.0002538142515
650	0.0002136490459
700	0.0001866180348
750	0.0001635068029
800	0.0001457284552
850	0.0001319063786
900	0.0001182387125
950	0.0001065102078
999	9.57696665e-05
